{
    "RA": "04h35m26.50s",
    "DEC": "-16d43m45.7s",
    "log10_dist": 2.658349090668863,
    "log10_freq": -7.771887195336019,
    "log10_Mc": 7.418764005,
    "log10_Mc_sigma": null,
    "z": 0.098
}