{
    "RA": "11h05m54.80s",
    "DEC": "+32d29m54.1s",
    "log10_dist": 2.8612444536652717,
    "log10_freq": -7.872021008336018,
    "log10_Mc": 7.878764005,
    "log10_Mc_sigma": null,
    "z": 0.151
}