{
    "RA": "13h05m33.00s",
    "DEC": "-10d33m19.1s",
    "log10_dist": 3.1726516277387877,
    "log10_freq": -7.864397152336018,
    "log10_Mc": 8.138764005,
    "log10_Mc_sigma": null,
    "z": 0.286
}