{
    "RA": "13h52m25.80s",
    "DEC": "+13d28m53.3s",
    "log10_dist": 3.3453572750655707,
    "log10_freq": -7.879513336336018,
    "log10_Mc": 8.388764005,
    "log10_Mc_sigma": null,
    "z": 0.402
}