{"J0030+0451_efac": 1.1327054973277817, "J0030+0451_log10_t2equad": -6.734253117324852, "J0034-0534_efac": 1.2598373277400674, "J0034-0534_log10_t2equad": -6.641425922580685, "J0218+4232_efac": 1.3501857107640765, "J0218+4232_log10_t2equad": -6.753752501179396, "J0437-4715_efac": 0.9027892928548922, "J0437-4715_log10_t2equad": -7.3501880429582105, "J0613-0200_efac": 1.069398437347371, "J0613-0200_log10_t2equad": -7.0491808424447076, "J0621+1002_efac": 1.1159446780503388, "J0621+1002_log10_t2equad": -6.821375240844936, "J0711-6830_efac": 1.0331469056198783, "J0711-6830_log10_t2equad": -7.0070953185577, "J0751+1807_efac": 1.0980163173031454, "J0751+1807_log10_t2equad": -6.783324009718515, "J0900-3144_efac": 1.0514874041834474, "J0900-3144_log10_t2equad": -6.85639640477896, "J1012+5307_efac": 1.0244491359967973, "J1012+5307_log10_t2equad": -6.822629641758827, "J1022+1001_efac": 1.2582745455288107, "J1022+1001_log10_t2equad": -6.244756338992644, "J1024-0719_efac": 1.0449468513713525, "J1024-0719_log10_t2equad": -7.006523023914893, "J1045-4509_efac": 1.072929131995194, "J1045-4509_log10_t2equad": -6.850728402256742, "J1455-3330_efac": 1.3390354892296985, "J1455-3330_log10_t2equad": -7.461988172016503, "J1600-3053_efac": 1.175625383983205, "J1600-3053_log10_t2equad": -7.443264549159709, "J1603-7202_efac": 1.1008358745687221, "J1603-7202_log10_t2equad": -6.993090496693966, "J1614-2230_efac": 1.037401165717705, "J1614-2230_log10_t2equad": -7.4024279657849394, "J1640+2224_efac": 1.1607189512343288, "J1640+2224_log10_t2equad": -7.289993973220734, "J1643-1224_efac": 1.1488592515390281, "J1643-1224_log10_t2equad": -7.107664832540961, "J1713+0747_efac": 1.0535325739414598, "J1713+0747_log10_t2equad": -7.19105776044093, "J1730-2304_efac": 1.24585664039348, "J1730-2304_log10_t2equad": -6.82802513885757, "J1744-1134_efac": 1.2481888377141435, "J1744-1134_log10_t2equad": -6.705433636310524, "J1857+0943_efac": 1.1414086488720623, "J1857+0943_log10_t2equad": -6.64006372438126, "J1909-3744_efac": 1.095400467856472, "J1909-3744_log10_t2equad": -7.213183522763408, "J1918-0642_efac": 1.0819378030429965, "J1918-0642_log10_t2equad": -7.556289609789052, "J1939+2134_efac": 2.2058139485827803, "J1939+2134_log10_t2equad": -6.865584259820629, "J1944+0907_efac": 1.2968103624660743, "J1944+0907_log10_t2equad": -7.236307645295635, "J2010-1323_efac": 1.1092575021030218, "J2010-1323_log10_t2equad": -6.861297695214705, "J2124-3358_efac": 1.113947365924296, "J2124-3358_log10_t2equad": -6.92987502811784, "J2129-5721_efac": 1.2627849754778575, "J2129-5721_log10_t2equad": -6.96686041839063, "J2145-0750_efac": 1.1148985030556542, "J2145-0750_log10_t2equad": -6.761214215793945, "J2229+2643_efac": 1.6003150353383926, "J2229+2643_log10_t2equad": -6.7758410735672845, "J2317+1439_efac": 1.0593648536757019, "J2317+1439_log10_t2equad": -6.411107094811317}