{
    "cos_gwtheta": 0.4023078702301226,
    "gwphi": 4.34216,
    "log10_mc": 9.74,
    "log10_dL": 3.7277770458178283,
    "log10_fgw": -8,
    "phase0": 3.0,
    "psi": 1.57,
    "cos_inc": 0.4100020655152477
}