{
    "cos_gwtheta": -0.13845743067163319,
    "gwphi": 2.6516,
    "log10_mc": 8.44,
    "log10_dL": 0.98,
    "log10_fgw": -7.31,
    "phase0": 3.0,
    "psi": 1.57,
    "cos_inc": 0.6599831458849822
}